date,adj_close
2014-12-31,68.6590608152
2015-01-02,68.9216050224
2015-01-05,65.2834924369
2015-01-06,64.8634217054
2015-01-07,65.8685909558
2015-01-08,66.5437046315
2015-01-09,65.7485707468
2015-01-12,65.178474754
2015-01-13,64.7884090747
2015-01-14,64.5633711829
2015-01-15,63.7757385612
2015-01-16,63.4278158888
2015-01-20,63.5110147888
2015-01-21,64.5699098787
2015-01-22,65.6666226505
2015-01-23,64.7514347513
2015-01-26,65.0691032783
2015-01-27,60.3948378097
2015-01-28,60.5158543914
2015-01-29,60.5082908551
2015-01-30,60.485600246
2015-02-02,61.1436279091
2015-02-03,63.473197107
2015-02-04,61.9831804447
2015-02-05,63.2084733345
2015-02-06,62.9361860256
2015-02-09,64.0404623337
2015-02-10,63.4580700343
2015-02-11,63.0874567528
2015-02-12,63.1782191891
2015-02-13,64.3883850062
2015-02-17,64.5774734151
2015-02-18,64.1387883064
2015-02-19,63.0042578528
2015-02-20,63.8665009975
2015-02-23,63.1479650436
2015-02-24,63.9118822157
2015-02-25,64.4035120789
2015-02-26,63.3824346707
2015-02-27,62.7017163986
2015-03-02,62.7773517621
2015-03-03,62.6563351804
2015-03-04,61.8167826448
2015-03-05,61.650384845
2015-03-06,60.5536720732
2015-03-09,61.1209373
2015-03-10,60.4402190279
2015-03-11,60.2813847644
2015-03-12,60.6519980459
2015-03-13,59.9258985556
2015-03-16,60.485600246
2015-03-17,59.3359427198
2015-03-18,61.5142411905
2015-03-19,60.5763626823
2015-03-20,61.4083516815
2015-03-23,61.332716318
2015-03-24,60.8713406002
2015-03-25,60.4024013461
2015-03-26,60.4175284188
2015-03-27,60.2586941553
2015-03-30,61.544495336
2015-03-31,60.5309814641
2015-04-01,60.2360035462
2015-04-02,60.6898157276
2015-04-06,61.6352577722
2015-04-07,60.9167218183
2015-04-08,60.8410864548
2015-04-09,61.0226113273
2015-04-10,62.4748103079
2015-04-13,62.1268876354
2015-04-14,62.7773517621
2015-04-15,64.4110756152
2015-04-16,64.3203131789
2015-04-17,63.511924135
2015-04-20,64.5185972841
2015-04-21,64.000008086
2015-04-22,64.7245077009
2015-04-23,64.663497207
2015-04-24,64.5185972841
2015-04-27,65.0753180408
2015-04-28,65.7388071618
2015-04-29,66.7302276874
2015-04-30,66.2573963598
2015-05-01,66.6310856349
2015-05-04,66.5777014527
2015-05-05,66.3489121006
2015-05-06,66.3412857889
2015-05-07,65.9142123317
2015-05-08,66.5853277644
2015-05-11,67.6987692779
2015-05-12,67.233564262
2015-05-13,67.4471009906
2015-05-14,67.6758903427
2015-05-15,67.4394746788
2015-05-18,67.3327063145
2015-05-19,66.5319435823
2015-05-20,67.0581590921
2015-05-21,68.1258427351
2015-05-22,67.5920009136
2015-05-26,66.9895222864
2015-05-27,67.0505327803
2015-05-28,65.5939072388
2015-05-29,65.067691729
2015-06-01,65.2278442755
2015-06-02,65.7159282266
2015-06-03,65.761686097
2015-06-04,65.1820864051
2015-06-05,65.6244124857
2015-06-08,65.7006756031
2015-06-09,66.1430016838
2015-06-10,67.4776062375
2015-06-11,67.2411905737
2015-06-12,66.9971485982
2015-06-15,66.4480541532
2015-06-16,66.0362333195
2015-06-17,66.539569894
2015-06-18,66.684469817
2015-06-19,66.7454803109
2015-06-22,67.3174536911
2015-06-23,67.4547273023
2015-06-24,67.2411905737
2015-06-25,66.135375372
2015-06-26,66.2116384894
2015-06-29,65.0524391056
2015-06-30,64.6863761423
2015-07-01,64.0228870212
2015-07-02,64.3508184259
2015-07-06,63.4127820824
2015-07-07,64.0533922682
2015-07-08,62.7416666497
2015-07-09,62.299340569
2015-07-10,62.6501509088
2015-07-13,63.7864713574
2015-07-14,64.4118289198
2015-07-15,64.1830395677
2015-07-16,64.4652131019
2015-07-17,64.0034279078
2015-07-20,63.3030536967
2015-07-21,63.279964437
2015-07-22,61.386645141
2015-07-23,59.1700762091
2015-07-24,58.5697554567
2015-07-27,57.9694347044
2015-07-28,59.8627540003
2015-07-29,59.5164151047
2015-07-30,60.3014499348
2015-07-31,60.516949692
2015-08-03,59.4625401654
2015-08-04,58.9545764519
2015-08-05,59.1700762091
2015-08-06,59.6164685635
2015-08-07,59.4856294251
2015-08-10,61.6945019371
2015-08-11,60.0628609178
2015-08-12,60.7401458692
2015-08-13,59.8473611605
2015-08-14,60.4091998134
2015-08-17,60.4476819129
2015-08-18,60.6631816702
2015-08-19,59.5779864639
2015-08-20,58.8083444737
2015-08-21,57.7231492675
2015-08-24,56.0453297288
2015-08-25,55.4604018162
2015-08-26,56.8534538185
2015-08-27,58.231112981
2015-08-28,58.4543091582
2015-08-31,58.8314337334
2015-09-01,57.6461850685
2015-09-02,58.5697554567
2015-09-03,57.2998461729
2015-09-04,56.260829486
2015-09-08,57.1843998743
2015-09-09,56.1530796074
2015-09-10,55.7374729327
2015-09-11,55.8990977506
2015-09-14,56.0068476293
2015-09-15,57.3998996316
2015-09-16,58.2157201412
2015-09-17,56.9996857967
2015-09-18,55.3064734181
2015-09-21,55.5373660152
2015-09-22,55.1679378599
2015-09-23,54.0288677144
2015-09-24,50.6424429573
2015-09-25,50.0113365253
2015-09-28,49.095462557
2015-09-29,49.4956763919
2015-09-30,50.3038004816
2015-10-01,49.5572477511
2015-10-02,50.5654787583
2015-10-05,53.2438328843
2015-10-06,54.5060457483
2015-10-07,54.1674032726
2015-10-08,55.2910805783
2015-10-09,54.8754739036
2015-10-12,54.2597603114
2015-10-13,54.0057784547
2015-10-14,54.4213851294
2015-10-15,54.5137421682
2015-10-16,53.6286538794
2015-10-19,53.3131006634
2015-10-20,54.0827426537
2015-10-21,53.6209574595
2015-10-22,55.1448486002
2015-10-23,55.8217111606
2015-10-26,55.6427704837
2015-10-27,54.7636271581
2015-10-28,55.9928718081
2015-10-29,55.9928718081
2015-10-30,56.7864348099
2015-11-02,57.836738783
2015-11-03,58.1557199896
2015-11-04,58.000119401
2015-11-05,57.7433784298
2015-11-06,57.4477373115
2015-11-09,55.9306315726
2015-11-10,56.3507531619
2015-11-11,55.9461916315
2015-11-12,53.4176820667
2015-11-13,54.1723449214
2015-11-16,54.7636271581
2015-11-17,53.9856242151
2015-11-18,54.7091669521
2015-11-19,54.4757660692
2015-11-20,55.3471293654
2015-11-23,55.2537690122
2015-11-24,55.5494101306
2015-11-25,55.6194303954
2015-11-27,55.4093696008
2015-11-30,56.5219138093
2015-12-01,55.6738906014
2015-12-02,55.2615490416
2015-12-03,54.1801249509
2015-12-04,54.4446459515
2015-12-07,53.1842811838
2015-12-08,51.7683158276
2015-12-09,51.2781739735
2015-12-10,51.6438353567
2015-12-11,50.9047325608
2015-12-14,51.4415545915
2015-12-15,51.9316964456
2015-12-16,52.6863593003
2015-12-17,50.492391001
2015-12-18,50.6557716191
2015-12-21,50.7569120016
2015-12-22,53.223181331
2015-12-23,54.3746256866
2015-12-24,53.9778441857
2015-12-28,53.3554418313
2015-12-29,53.8300236265
2015-12-30,53.441022155
2015-12-31,52.8730800066
2016-01-04,52.8964200949
2016-01-05,52.3440380054
2016-01-06,51.5193548858
2016-01-07,49.7455081757
2016-01-08,49.2398062628
2016-01-11,47.8238409065
2016-01-12,47.9249812891
2016-01-13,47.3725991996
2016-01-14,48.4462432609
2016-01-15,47.1780984638
2016-01-19,46.516170909
2016-01-20,46.3428089303
2016-01-21,47.0362568449
2016-01-22,48.052788447
2016-01-25,45.6336008358
2016-01-26,46.6186120782
2016-01-27,45.9566845233
2016-01-28,48.1315893464
2016-01-29,49.0456797793
2016-02-01,49.4081639165
2016-02-02,47.8085056589
2016-02-03,49.857329043
2016-02-04,51.9770732366
2016-02-05,52.1031546756
2016-02-08,50.889620825
2016-02-09,50.377414979
2016-02-10,48.9668788799
2016-02-11,48.3916323144
2016-02-12,49.7627679638
2016-02-16,51.3860664912
2016-02-17,53.0014849286
2016-02-18,52.1031546756
2016-02-19,51.5515483799
2016-02-22,53.0408853783
2016-02-23,51.8352316177
2016-02-24,51.9140325171
2016-02-25,52.3789578235
2016-02-26,52.694161421
2016-02-29,53.3482088859
2016-03-01,54.4435413874
2016-03-02,54.6720639957
2016-03-03,56.5396453112
2016-03-04,57.3985751145
2016-03-07,58.9194324727
2016-03-08,56.5238851313
2016-03-09,56.6342063904
2016-03-10,56.2323218036
2016-03-11,57.3670547547
2016-03-14,57.3118941252
2016-03-15,57.0833715169
2016-03-16,58.5805886053
2016-03-17,59.8098826358
2016-03-18,59.4710387684
2016-03-21,59.8020025458
2016-03-22,59.5340794879
2016-03-23,58.0605026694
2016-03-24,59.3291971495
2016-03-28,59.3528374193
2016-03-29,59.8965636251
2016-03-30,60.2905681221
2016-03-31,60.3142083919
2016-04-01,60.5112106403
2016-04-04,59.6680410169
2016-04-05,59.2897966998
2016-04-06,59.2740365199
2016-04-07,58.4466270764
2016-04-08,58.5884686953
2016-04-11,58.8091112136
2016-04-12,59.9674844346
2016-04-13,62.355151686
2016-04-14,62.2921109665
2016-04-15,62.3866720458
2016-04-18,62.4497127653
2016-04-19,63.3480430183
2016-04-20,62.8358371723
2016-04-21,62.5915543842
2016-04-22,62.3210086368
2016-04-25,61.1035527735
2016-04-26,61.7878743699
2016-04-27,62.6074688399
2016-04-28,61.8674466485
2016-04-29,61.8435749649
2016-05-02,61.9390616993
2016-05-03,60.7613919753
2016-05-04,59.074459668
2016-05-05,57.9206616276
2016-05-06,58.3742236159
2016-05-09,56.3212588268
2016-05-10,57.6978592474
2016-05-11,57.6342014244
2016-05-12,57.0533237903
2016-05-13,55.7562956484
2016-05-16,56.2576010038
2016-05-17,56.5361039791
2016-05-18,56.1700714973
2016-05-19,55.247033065
2016-05-20,55.5971510911
2016-05-23,56.0188841679
2016-05-24,56.5679328906
2016-05-25,57.7456026146
2016-05-26,57.3556984492
2016-05-27,57.2602117148
2016-05-31,57.6978592474
2016-06-01,57.5068857786
2016-06-02,58.5811115404
2016-06-03,59.7110378972
2016-06-06,60.8091353425
2016-06-07,61.1194672292
2016-06-08,62.1539068516
2016-06-09,61.3979702045
2016-06-10,60.4988034558
2016-06-13,59.8622252266
2016-06-14,59.5678077956
2016-06-15,59.7349095807
2016-06-16,59.6712517578
2016-06-17,60.4192311771
2016-06-20,60.8170925704
2016-06-21,60.8648359375
2016-06-22,60.8170925704
2016-06-23,62.2414363581
2016-06-24,58.1116350963
2016-06-27,56.7986924986
2016-06-28,57.7058164752
2016-06-29,59.0665024401
2016-06-30,60.3237444427
2016-07-01,60.8330070261
2016-07-05,59.1858608581
2016-07-06,59.543936112
2016-07-07,59.718995125
2016-07-08,61.5650719896
2016-07-11,61.9072327878
2016-07-12,63.4986783608
2016-07-13,63.4111488543
2016-07-14,63.7055662853
2016-07-15,64.2148288686
2016-07-18,64.1272993621
2016-07-19,64.0630274509
2016-07-20,64.0228575065
2016-07-21,64.2799451511
2016-07-22,63.7738038507
2016-07-25,63.2194586169
2016-07-26,66.4812581084
2016-07-27,67.5658466093
2016-07-28,66.6178359196
2016-07-29,66.4892920973
2016-08-01,65.8385389968
2016-08-02,65.2681257852
2016-08-03,65.9028109079
2016-08-04,65.6939271967
2016-08-05,66.3286123194
2016-08-08,67.0356033422
2016-08-09,66.5455300196
2016-08-10,66.4009182195
2016-08-11,66.8749235643
2016-08-12,66.6821078308
2016-08-15,67.6060165537
2016-08-16,67.7184923983
2016-08-17,67.814900265
2016-08-18,66.9873994088
2016-08-19,67.356962898
2016-08-22,67.1561131756
2016-08-23,67.4935407092
2016-08-24,66.8026176642
2016-08-25,66.5535640085
2016-08-26,66.4089522084
2016-08-29,66.7624477197
2016-08-30,66.2643404082
2016-08-31,65.8385389968
2016-09-01,65.436839552
2016-09-02,65.6296552855
2016-09-06,65.9429808524
2016-09-07,67.2605550313
2016-09-08,67.1159432311
2016-09-09,64.9065962849
2016-09-12,65.8144370301
2016-09-13,64.4566929068
2016-09-14,65.0913780295
2016-09-15,65.9028109079
2016-09-16,65.9188788857
2016-09-19,65.7823010745
2016-09-20,65.6376892744
2016-09-21,67.0597053089
2016-09-22,67.0838072756
2016-09-23,66.2322044527
2016-09-26,66.1759665304
2016-09-27,66.585699964
2016-09-28,69.5663098442
2016-09-29,70.273300867
2016-09-30,71.3177194234
2016-10-03,70.9240539675
2016-10-04,70.3054368226
2016-10-05,71.8399287016
2016-10-06,71.7354868459
2016-10-07,71.0766997565
2016-10-10,70.8758500341
2016-10-11,70.273300867
2016-10-12,70.3616747448
2016-10-13,69.8716014222
2016-10-14,70.4339806449
2016-10-17,70.1286890669
2016-10-18,70.0724511446
2016-10-19,70.6991022784
2016-10-20,70.2170629447
2016-10-21,69.9739010045
2016-10-24,69.6983174722
2016-10-25,68.474402373
2016-10-26,68.1907134427
2016-10-27,67.2829088658
2016-10-28,67.9880784925
2016-10-31,67.6476517761
2016-11-01,66.6587932191
2016-11-02,65.7428832442
2016-11-03,65.8725696123
2016-11-04,66.7155310052
2016-11-07,67.8827083184
2016-11-08,68.6365103331
2016-11-09,73.9212298344
2016-11-10,75.7449443863
2016-11-11,75.3883068739
2016-11-14,76.3285330429
2016-11-15,76.5473787891
2016-11-16,75.6638904062
2016-11-17,75.2018827197
2016-11-18,74.8452452074
2016-11-21,75.2991474958
2016-11-22,75.8827361524
2016-11-23,77.9577180425
2016-11-25,77.6578183162
2016-11-28,76.9202270975
2016-11-29,76.2231628688
2016-11-30,77.455183366
2016-12-01,78.0063504306
2016-12-02,77.1147566497
2016-12-05,76.5554841871
2016-12-06,77.1795998337
2016-12-07,78.8898388134
2016-12-08,78.0306666246
2016-12-09,77.430867172
2016-12-12,77.0661242616
2016-12-13,77.8280316744
2016-12-14,75.9800009285
2016-12-15,76.6203273712
2016-12-16,75.0397747596
2016-12-19,75.1451449337
2016-12-20,76.466324809
2016-12-21,76.0448441126
2016-12-22,76.2880060528
2016-12-23,76.450114013
2016-12-27,76.6365381672
2016-12-28,75.501782446
2016-12-29,75.6152580181
2016-12-30,75.1694611277
2017-01-03,76.1826358787
2017-01-04,75.8422091624
2017-01-05,75.3802014759
2017-01-06,75.4126230679
2017-01-09,74.8695614014
2017-01-10,76.0529495106
2017-01-11,76.7175921473
2017-01-12,76.1826358787
2017-01-13,76.5798003811
2017-01-17,75.8422091624
2017-01-18,76.2717952568
2017-01-19,76.3126566065
2017-01-20,77.2933289981
2017-01-23,77.1952617589
2017-01-24,78.6499258064
2017-01-25,80.2108293631
2017-01-26,79.4508082596
2017-01-27,80.8973000372
2017-01-30,79.0994006526
2017-01-31,78.1759341505
2017-02-01,77.7264593044
2017-02-02,76.6313751337
2017-02-03,76.2309339072
2017-02-06,75.89587084
2017-02-07,76.2554507169
2017-02-08,75.9285599197
2017-02-09,76.7866482624
2017-02-10,78.707131696
2017-02-13,80.4968588106
2017-02-14,80.1617957435
2017-02-15,80.921816847
2017-02-16,80.3007243323
2017-02-17,80.7828882582
2017-02-21,80.1699680134
2017-02-22,80.2516907127
2017-02-23,78.0860391813
2017-02-24,78.0288332918
2017-02-27,79.630598198
2017-02-28,78.9931611435
2017-03-01,80.5622369701
2017-03-02,77.1135390596
2017-03-03,77.7346315743
2017-03-06,78.1759341505
2017-03-07,78.3965854386
2017-03-08,76.1900725575
2017-03-09,74.6863748904
2017-03-10,75.4382237239
2017-03-13,75.7079086316
2017-03-14,75.0704715771
2017-03-15,76.2963120666
2017-03-16,75.8795263002
2017-03-17,75.9285599197
2017-03-20,77.9634551323
2017-03-21,75.5362909631
2017-03-22,75.5362909631
2017-03-23,75.3728455645
2017-03-24,75.3074674051
2017-03-27,74.7844421295
2017-03-28,75.9612489995
2017-03-29,75.8876985701
2017-03-30,76.1819002876
2017-03-31,75.8059758708
2017-04-03,75.4055346442
2017-04-04,76.9255768512
2017-04-05,77.0154718204
2017-04-06,78.3066904694
2017-04-07,78.0615223715
2017-04-10,79.3854301001
2017-04-11,79.3527410204
2017-04-12,77.5221525561
2017-04-13,76.0838330484
2017-04-17,76.9337491211
2017-04-18,77.1380558694
2017-04-19,76.3862070358
2017-04-20,77.9879719421
2017-04-21,77.7078545698
2017-04-24,79.7593023845
2017-04-25,86.0289882759
2017-04-26,86.2267181857
2017-04-27,84.5954464295
2017-04-28,84.2494190873
2017-05-01,84.0352116849
2017-05-02,83.631513119
2017-05-03,83.6562293577
2017-05-04,81.8848989153
2017-05-05,82.0908675714
2017-05-08,81.8684214229
2017-05-09,81.8025114529
2017-05-10,82.684057301
2017-05-11,83.2030983143
2017-05-12,82.9724134195
2017-05-15,84.3812390272
2017-05-16,84.3153290572
2017-05-17,82.5028048836
2017-05-18,82.5687148536
2017-05-19,84.3894777734
2017-05-22,84.274135326
2017-05-23,85.3781273226
2017-05-24,85.6417672024
2017-05-25,86.5233130505
2017-05-26,87.0505928101
2017-05-30,86.8940566315
2017-05-31,86.8611016465
2017-06-01,87.0423540639
2017-06-02,87.2895164512
2017-06-05,86.6716104829
2017-06-06,86.1360919771
2017-06-07,85.2792623677
2017-06-08,86.5150743043
2017-06-09,87.2648002124
2017-06-12,87.3883814061
2017-06-13,87.1247415263
2017-06-14,86.267911917
2017-06-15,87.6602600321
2017-06-16,88.6489095814
2017-06-19,88.5582833727
2017-06-20,88.1875397917
2017-06-21,85.2463073827
2017-06-22,85.5511409938
2017-06-23,85.7735871423
2017-06-26,85.8889295897
2017-06-27,85.6252897099
2017-06-28,87.7014537633
2017-06-29,87.0341153176
2017-06-30,88.5335671339
2017-07-03,88.129868568
2017-07-05,88.5582833727
2017-07-06,87.7508862408
2017-07-07,88.0886748368
2017-07-10,88.8466394912
2017-07-11,89.1761893409
2017-07-12,89.7693790705
2017-07-13,89.3656805046
2017-07-14,89.6128428919
2017-07-17,89.6705141156
2017-07-18,88.8548782374
2017-07-19,89.5021819175
2017-07-20,89.0623473657
2017-07-21,88.4565375113
2017-07-24,89.7760411668
2017-07-25,95.0540557889
2017-07-26,94.2075817457
2017-07-27,94.9129767817
2017-07-28,94.6889101232
2017-07-31,94.5644286463
2017-08-01,93.8590336103
2017-08-02,93.8507348452
2017-08-03,94.2407768062
2017-08-04,94.8963792514
2017-08-07,95.1951347961
2017-08-08,94.9461718422
2017-08-09,94.8880804863
2017-08-10,93.900527436
2017-08-11,93.6515644821
2017-08-14,94.3652582832
2017-08-15,94.3154656924
2017-08-16,94.7055076535
2017-08-17,93.8922286708
2017-08-18,94.5395323509
2017-08-21,94.2739718668
2017-08-22,96.1162977254
2017-08-23,95.2283298566
2017-08-24,95.253226152
2017-08-25,95.7262557644
2017-08-28,95.4938903407
2017-08-29,96.2739742629
2017-08-30,97.5519840928
2017-08-31,97.502191502
2017-09-01,98.1577939472
2017-09-05,98.1743914774
2017-09-06,97.0789544804
2017-09-07,97.7345569256
2017-09-08,97.7760507512
2017-09-11,98.6474210898
2017-09-12,100.3652654715
2017-09-13,99.2781272396
2017-09-14,99.9835222756
2017-09-15,100.7221123721
2017-09-18,102.7636085938
2017-09-19,103.5187962206
2017-09-20,103.610082637
2017-09-21,103.5602900462
2017-09-22,103.2615345016
2017-09-25,103.1702480852
2017-09-26,103.3279246226
2017-09-27,103.3362233878
2017-09-28,103.9254357119
2017-09-29,103.4938999252
2017-10-02,103.5021986903
2017-10-03,104.1578011355
2017-10-04,105.1785492464
2017-10-05,104.896391232
2017-10-06,105.3362257839
2017-10-09,105.2947319582
2017-10-10,106.3818701901
2017-10-11,106.7221195604
2017-10-12,107.8756479134
2017-10-13,108.4731590027
2017-10-16,109.1038651525
2017-10-17,108.3320799955
2017-10-18,108.9544873802
2017-10-19,109.1702552735
2017-10-20,109.6598824161
2017-10-23,109.9270197667
2017-10-24,115.4033354538
2017-10-25,114.234609545
2017-10-26,114.318089967
2017-10-27,115.0443696389
2017-10-30,113.9424280677
2017-10-31,113.3664131555
2017-11-01,113.7754672236
2017-11-02,113.9257319833
2017-11-03,114.0593006586
2017-11-06,114.9608892169
2017-11-07,115.8791738595
2017-11-08,114.6102714442
2017-11-09,112.9824032141
2017-11-10,113.9340800255
2017-11-13,113.9758202366
2017-11-14,114.8189724994
2017-11-15,111.9472459805
2017-11-16,113.8339035191
2017-11-17,113.6418985483
2017-11-20,114.2930458404
2017-11-21,114.8690607526
2017-11-22,115.211330483
2017-11-24,114.6937518663
2017-11-27,114.5267910222
2017-11-28,116.0294386192
2017-11-29,115.2530706941
2017-11-30,117.8326157357
2017-12-01,118.1414932973
2017-12-04,118.1247972129
2017-12-05,116.9894634729
2017-12-06,117.156424317
2017-12-07,119.2851750795
2017-12-08,120.0949351735
2017-12-11,120.0198027936
2017-12-12,119.7276213164
2017-12-13,124.0268630524
2017-12-14,122.1151613873
2017-12-15,122.4574311177
2017-12-18,125.0286281171
2017-12-19,125.9803049286
2017-12-20,127.3243397237
2017-12-21,129.0941246714
2017-12-22,130.0207573562
2017-12-26,130.5967722684
2017-12-27,131.4983608267
2017-12-28,132.2496846252
2017-12-29,131.5484490799
2018-01-02,131.0976548008
2018-01-03,131.2980078137
2018-01-04,133.1011849302
2018-01-05,135.2048915661
2018-01-08,138.6025447438
2018-01-09,138.9364664321
2018-01-10,138.4689760686
2018-01-11,141.2488741231
2018-01-12,142.1671587658
2018-01-16,141.3407025874
2018-01-17,140.6645111687
2018-01-18,140.9399965615
2018-01-19,142.9101345221
2018-01-22,143.312674658
2018-01-23,142.0882817445
2018-01-24,141.1741801857
2018-01-25,142.0379642275
2018-01-26,140.1007398231
2018-01-29,136.3436985541
2018-01-30,137.3332763883
2018-01-31,136.5114236107
2018-02-01,136.0585659578
2018-02-02,132.0750958622
2018-02-05,126.6995077965
2018-02-06,131.1693805563
2018-02-07,129.4334262199
2018-02-08,122.4309051046
2018-02-09,125.1312785167
2018-02-12,127.7142443892
2018-02-13,129.1231348651
2018-02-14,132.5531122737
2018-02-15,134.1632728176
2018-02-16,131.0687455223
2018-02-20,130.4565490655
2018-02-21,130.179802722
2018-02-22,133.2240125003
2018-02-23,136.2011322559
2018-02-26,137.2745726185
2018-02-27,135.2367131801
2018-02-28,129.6766275521
2018-03-01,125.9866763057
2018-03-02,122.7579689651
2018-03-05,126.7330528078
2018-03-06,128.9386373028
2018-03-07,127.0601166683
2018-03-08,128.8044572575
2018-03-09,132.7124510775
2018-03-12,129.5676062652
2018-03-13,128.8883197858
2018-03-14,127.92390071
2018-03-15,129.6263100351
2018-03-16,131.2113118205
2018-03-19,127.5968368496
2018-03-20,129.1986111406
2018-03-21,130.6578191335
2018-03-22,123.1940541124
2018-03-23,121.0052421231
2018-03-26,125.1145060111
2018-03-27,123.2695303879
2018-03-28,121.7348461195
2018-03-29,123.5965942484
2018-04-02,120.6697920097
2018-04-03,121.6509835912
2018-04-04,121.7516186252
2018-04-05,124.2255632108
2018-04-06,119.9150292548
2018-04-09,119.9905055303
2018-04-10,124.1920181995
2018-04-11,123.1018053312
2018-04-12,125.9112000302
2018-04-13,125.9866763057
2018-04-16,127.5884505967
2018-04-17,128.5696421782
2018-04-18,130.783612926
2018-04-19,130.5739566052
2018-04-20,129.1734523821
2018-04-23,129.7971936856
2018-04-24,121.7475592957
2018-04-25,122.3797295358
2018-04-26,123.3237704276
2018-04-27,121.9835695187
2018-04-30,121.6801278035
2018-05-01,121.7307014227
2018-05-02,121.2586809768
2018-05-03,121.1912494845
2018-05-04,123.3743440468
2018-05-07,126.282327151
2018-05-08,126.3750454528
2018-05-09,128.6340004439
2018-05-10,129.7803358125
2018-05-11,130.5305111641
2018-05-14,130.8845264985
2018-05-15,128.6171425709
2018-05-16,129.6370438915
2018-05-17,129.5443255896
2018-05-18,131.2469707694
2018-05-21,133.9526593968
2018-05-22,131.6599886596
2018-05-23,132.9580448858
2018-05-24,132.9243291397
2018-05-25,131.3649758809
2018-05-29,129.4853230339
2018-05-30,131.0362473561
2018-05-31,128.0439748866
2018-06-01,129.4010336685
2018-06-04,128.5412821421
2018-06-05,128.9711579053
2018-06-06,131.9212856922
2018-06-07,131.7358490884
2018-06-08,130.9182422446
2018-06-11,131.7442780249
2018-06-12,132.7473214725
2018-06-13,130.4040771161
2018-06-14,129.0807340802
2018-06-15,126.4509058817
2018-06-18,125.3214283861
2018-06-19,120.7866605309
2018-06-20,120.6433686098
2018-06-21,117.6089514576
2018-06-22,117.9545378555
2018-06-25,115.1224151801
2018-06-26,114.2458057806
2018-06-27,113.4619146829
2018-06-28,114.6588236707
2018-06-29,114.3553819555
2018-07-02,114.8779760206
2018-07-03,112.8044576333
2018-07-05,114.473387067
2018-07-06,114.1362296056
2018-07-09,118.8227183185
2018-07-10,119.0587285414
2018-07-11,115.2741360377
2018-07-12,117.5162331557
2018-07-13,118.6372817147
2018-07-16,116.3867556602
2018-07-17,117.1200731386
2018-07-18,118.9491523665
2018-07-19,118.2411216976
2018-07-20,116.036079979
2018-07-23,115.5781097759
2018-07-24,117.011386893
2018-07-25,119.1401002445
2018-07-26,120.9210954788
2018-07-27,120.9041336194
2018-07-30,118.5209923773
2018-07-31,121.9557689006
2018-08-01,117.4947998852
2018-08-02,117.0453106117
2018-08-03,117.4693570961
2018-08-06,118.2920072758
2018-08-07,120.751476885
2018-08-08,118.4870686586
2018-08-09,117.4778380258
2018-08-10,115.2727963071
2018-08-13,114.5095126353
2018-08-14,114.4247033384
2018-08-15,111.9652337292
2018-08-16,115.5611479165
2018-08-17,118.1732742601
2018-08-20,117.6050519711
2018-08-21,118.7245346898
2018-08-22,118.4192212211
2018-08-23,116.0106371899
2018-08-24,117.2149292055
2018-08-27,120.4631252757
2018-08-28,120.4292015569
2018-08-29,120.3104685413
2018-08-30,117.9358082289
2018-08-31,117.7577087055
2018-09-04,117.2403719946
2018-09-05,119.233390471
2018-09-06,120.0645215804
2018-09-07,119.8524983382
2018-09-10,120.4716062053
2018-09-11,120.454644346
2018-09-12,122.3628535256
2018-09-13,123.4314506661
2018-09-14,122.8886711662
2018-09-17,124.0081538849
2018-09-18,126.4252188457
2018-09-19,129.5546819002
2018-09-20,132.3025031189
2018-09-21,132.624778447
2018-09-24,130.6063171814
2018-09-25,130.6826455486
2018-09-26,129.9024000174
2018-09-27,129.3087349393
2018-09-28,129.3256967987
2018-10-01,129.1475972752
2018-10-02,131.3017534158
2018-10-03,134.1852695094
2018-10-04,132.9385728454
2018-10-05,130.021133033
2018-10-08,130.0550567518
2018-10-09,126.7559751035
2018-10-10,121.8879214631
2018-10-11,119.5556657991
2018-10-12,120.4885680647
2018-10-15,120.2595829632
2018-10-16,121.8794405334
2018-10-17,119.8694601976
2018-10-18,115.1710251509
2018-10-19,112.1009286042
2018-10-22,109.8729098435
2018-10-23,101.5669241953
2018-10-24,95.8987078845
2018-10-25,98.7072066288
2018-10-26,98.2120913487
2018-10-29,97.2986890215
2018-10-30,100.2693807024
2018-10-31,103.5644582566
2018-11-01,106.4497852341
2018-11-02,107.380260502
2018-11-05,107.9095216635
2018-11-06,110.402171005
2018-11-07,115.3277143955
2018-11-08,112.1606838966
2018-11-09,108.3363451809
2018-11-12,106.7058793445
2018-11-13,107.5253804979
2018-11-14,106.791244048
2018-11-15,110.4789992381
2018-11-16,110.9399686369
2018-11-19,107.5424534386
2018-11-20,104.3754229396
2018-11-21,105.7412581952
2018-11-23,104.4181052914
2018-11-26,106.5351499376
2018-11-27,106.3644205306
2018-11-28,111.631422735
2018-11-29,111.1704533363
2018-11-30,115.8142932054
2018-12-03,118.6142554794
2018-12-04,110.3936345347
2018-12-06,109.5826698516
2018-12-07,105.4680911441
2018-12-10,105.3315076186
2018-12-11,105.2034605633
2018-12-12,107.0217287474
2018-12-13,107.4741616758
2018-12-14,108.216834596
2018-12-17,106.2534464161
2018-12-18,106.0827170091
2018-12-19,104.4266417617
2018-12-20,103.7607970746
2018-12-21,102.4973994632
2018-12-24,99.8340207147
2018-12-26,106.5010040562
2018-12-27,108.1314698926
2018-12-28,107.2266040357
2018-12-31,108.4729287065
2019-01-02,107.8839122525
2019-01-03,103.7266511932
2019-01-04,109.394867504
2019-01-07,109.4631592668
2019-01-08,110.7777757003
2019-01-09,111.2045992177
2019-01-10,113.5009097412
2019-01-11,112.7667732913
2019-01-14,112.5106791808
2019-01-15,111.5631309723
2019-01-16,112.391168596
2019-01-17,114.8496720561
2019-01-18,117.3423213976
2019-01-22,113.5969881524
2019-01-23,113.23619917
2019-01-24,114.0179086318
2019-01-25,117.5656669581
2019-01-28,106.8364898405
2019-01-29,108.6919760354
2019-01-30,111.7672725991
2019-01-31,114.387287828
2019-02-01,112.4544897083
2019-02-04,112.4287190667
2019-02-05,113.3908230196
2019-02-06,112.1366517953
2019-02-07,110.624774155
2019-02-08,110.4701503055
2019-02-11,110.753627363
2019-02-12,113.9663673486
2019-02-13,114.3357465448
2019-02-14,113.9234162792
2019-02-15,116.998712843
2019-02-19,116.6551042884
2019-02-20,120.5292907415
2019-02-21,119.3008901588
2019-02-22,119.1290858815
2019-02-25,121.4742142667
2019-02-26,118.527770911
2019-02-27,119.9022051294
2019-02-28,117.9779972236
2019-03-01,118.0896700038
2019-03-04,118.845608824
2019-03-05,117.8061929463
2019-03-06,115.8218535434
2019-03-07,114.0780401288
2019-03-08,112.8324591184
2019-03-11,114.3443367586
2019-03-12,113.8031532851
2019-03-13,114.6793550994
2019-03-14,114.8425691628
2019-03-15,113.9663673486
2019-03-18,115.1947679313
2019-03-19,115.2377190006
2019-03-20,114.25843462
2019-03-21,115.1604070758
2019-03-22,111.4752053277
2019-03-25,112.85822976
2019-03-26,113.2533795978
2019-03-27,112.7036059104
2019-03-28,113.7086609326
2019-03-29,116.3888076585
2019-04-01,120.4777494583
2019-04-02,120.4262081751
2019-04-03,119.6273182857
2019-04-04,120.374666892
2019-04-05,120.5722418109
2019-04-08,120.1083702621
2019-04-09,117.1275660509
2019-04-10,118.141211287
2019-04-11,119.292299945
2019-04-12,121.2938197755
2019-04-15,120.4777494583
2019-04-16,122.0068075263
2019-04-17,122.6167127108
2019-04-18,123.8880643628
2019-04-22,123.0411732978
2019-04-23,122.7387122032
2019-04-24,119.0227616119
2019-04-25,117.6400823222
2019-04-26,120.1461885349
2019-04-29,120.1375467893
2019-04-30,120.4832166117
2019-05-01,119.3857149255
2019-05-02,116.8104747483
2019-05-03,120.1721137716
2019-05-06,118.1845122925
2019-05-07,115.5142129142
2019-05-08,114.0278326777
2019-05-09,113.3797017606
2019-05-10,113.5006861984
2019-05-13,108.2810718796
2019-05-14,110.1563306663
2019-05-15,110.0094209918
2019-05-16,109.4131405481
2019-05-17,106.0860685071
2019-05-20,105.8008909036
2019-05-21,107.978610785
2019-05-22,106.777408152
2019-05-23,105.653981229
2019-05-24,106.2070529449
2019-05-28,105.0749842764
2019-05-29,104.9799250753
2019-05-30,105.2910279155
2019-05-31,103.5367535666
2019-06-03,104.2626601937
2019-06-04,105.4984298089
2019-06-05,106.3971713473
2019-06-06,106.6304984774
2019-06-07,107.5551652525
2019-06-10,108.6613086843
2019-06-11,109.9921375007
2019-06-12,109.8365860806
2019-06-13,109.8970782995
2019-06-14,109.9489287729
2019-06-17,110.0267044829
2019-06-18,112.6278698968
2019-06-19,112.8698387725
2019-06-20,115.4796459319
2019-06-21,115.7043313165
2019-06-24,116.1191351034
2019-06-25,115.5487798964
2019-06-26,116.7931912572
2019-06-27,117.0956523518
2019-06-28,117.7783502511
2019-07-01,118.0462443635
2019-07-02,117.3981134465
2019-07-03,117.1734280619
2019-07-05,117.0870106063
2019-07-08,116.5252971448
2019-07-09,116.0500011389
2019-07-10,114.6241131214
2019-07-11,115.7648235354
2019-07-12,119.5671915823
2019-07-15,120.6733350141
2019-07-16,120.1980390082
2019-07-17,117.2944124997
2019-07-18,116.5685058726
2019-07-19,118.6165995706
2019-07-22,117.7545982964
2019-07-23,120.2448241995
2019-07-24,114.8551394653
2019-07-25,117.2931228669
2019-07-26,115.7345549066
2019-07-29,117.0754457774
2019-07-30,115.7606761573
2019-07-31,114.6461694594
2019-08-01,110.3971126738
2019-08-02,108.438018869
2019-08-05,105.9216717152
2019-08-06,106.296076309
2019-08-07,105.164155444
2019-08-08,106.2438338075
2019-08-09,103.9451637432
2019-08-12,101.6290795117
2019-08-13,103.6230016508
2019-08-14,100.3143098915
2019-08-15,100.3491382259
2019-08-16,101.3765740879
2019-08-19,102.1863328606
2019-08-20,101.5855440938
2019-08-21,102.4649595351
2019-08-22,102.6478082902
2019-08-23,99.3129952802
2019-08-26,99.626450289
2019-08-27,98.7209135969
2019-08-28,100.0095619663
2019-08-29,102.5433232873
2019-08-30,103.6142945673
2019-09-03,101.8989991026
2019-09-04,103.701365403
2019-09-05,107.0884209145
2019-09-06,106.8359154908
2019-09-09,110.7976385184
2019-09-10,113.4445919258
2019-09-11,115.8825753274
2019-09-12,114.715826128
2019-09-13,116.4833640942
2019-09-16,115.9348178288
2019-09-17,115.0815236383
2019-09-18,114.1237444448
2019-09-19,113.296571505
2019-09-20,111.5899831239
2019-09-23,111.8163672969
2019-09-24,109.7005459876
2019-09-25,110.2403851694
2019-09-26,110.0488293307
2019-09-27,110.2229710023
2019-09-30,109.9791726621
2019-10-01,106.5485817327
2019-10-02,104.4501745907
2019-10-03,104.5198312593
2019-10-04,105.390539617
2019-10-07,104.7026800144
2019-10-08,102.7174649588
2019-10-09,103.9974062447
2019-10-10,106.8272084072
2019-10-11,111.7989531297
2019-10-14,111.7815389626
2019-10-15,114.0889161105
2019-10-16,113.35752109
2019-10-17,114.9944528025
2019-10-18,114.7071190445
2019-10-21,116.0410247973
2019-10-22,117.3222763756
2019-10-23,118.770266173
2019-10-24,117.4626875075
2019-10-25,122.6227966038
2019-10-28,122.9123945633
2019-10-29,124.0269079225
2019-10-30,123.1581140441
2019-10-31,120.9290873256
2019-11-01,126.800027777
2019-11-04,128.9325218423
2019-11-05,128.4498585765
2019-11-06,127.6775973512
2019-11-07,129.011503104
2019-11-08,130.0207081144
2019-11-11,129.8802969825
2019-11-12,128.4235314893
2019-11-13,126.800027777
2019-11-14,125.8785797241
2019-11-15,127.5196348279
2019-11-18,126.0102151602
2019-11-19,125.6504116348
2019-11-20,124.1936461416
2019-11-21,125.8083741582
2019-11-22,126.2647103368
2019-11-25,128.4937370552
2019-11-26,128.2041390957
2019-11-27,127.8531112661
2019-11-29,127.0106444748
2019-12-02,125.4573463285
2019-12-03,122.9123945633
2019-12-04,122.9650487377
2019-12-05,123.7811884417
2019-12-06,125.2467296307
2019-12-09,125.3432622838
2019-12-10,125.3783650668
2019-12-11,126.3700186857
2019-12-12,128.8096621019
2019-12-13,127.7127001342
2019-12-16,127.5635133066
2019-12-17,128.4498585765
2019-12-18,129.1080357572
2019-12-19,127.2651396513
2019-12-20,129.5029420656
2019-12-23,130.3190817696
2019-12-24,129.4239608039
2019-12-26,130.0733622888
2019-12-27,130.1260164633
2019-12-30,129.4590635869
2019-12-31,129.5994747187
2020-01-02,132.1005480052
2020-01-03,130.2664275951
2020-01-06,130.1786706377
2020-01-07,128.4586342723
2020-01-08,129.5994747187
2020-01-09,129.2747739763
2020-01-10,128.2392418787
2020-01-13,128.8447648849
2020-01-14,128.7219051445
2020-01-15,127.7478029172
2020-01-16,129.7662129378
2020-01-17,130.5911283376
2020-01-21,128.8856142106
2020-01-22,126.0401450453
2020-01-23,126.1461873744
2020-01-24,124.0518513739
2020-01-27,119.9427111196
2020-01-28,120.8352340566
2020-01-29,119.9868954235
2020-01-30,119.6245841322
2020-01-31,116.072166106
2020-02-03,114.6759421056
2020-02-04,117.9809280305
2020-02-05,121.4538143099
2020-02-06,121.2859139554
2020-02-07,117.8572119799
2020-02-10,118.6967137522
2020-02-11,120.3492067147
2020-02-12,123.3537393737
2020-02-13,123.4686185636
2020-02-14,121.9398416518
2020-02-18,120.6938442844
2020-02-19,120.9412763857
2020-02-20,121.0031344111
2020-02-21,121.2505665124
2020-02-24,116.7967886884
2020-02-25,113.995503827
2020-02-26,113.3327392698
2020-02-27,108.9319826105
2020-02-28,109.7891581044
2020-03-02,112.7583433203
2020-03-03,109.912874155
2020-03-04,112.5816061051
2020-03-05,107.7831907114
2020-03-06,107.2883265088
2020-03-09,91.9652099478
2020-03-10,94.1037302522
2020-03-11,88.9783510104
2020-03-12,81.5288773882
2020-03-13,88.0504806304
2020-03-16,82.5451163758
2020-03-17,88.545344833
2020-03-18,88.4746499469
2020-03-19,91.0285027071
2020-03-20,84.392020275
2020-03-23,81.166566097
2020-03-24,89.5527469599
2020-03-25,92.4954215936
2020-03-26,97.6473114177
2020-03-27,93.1758598722
2020-03-30,98.7165715698
2020-03-31,102.5429322797
2020-04-01,98.3984445824
2020-04-02,103.161512533
2020-04-03,101.3322823553
2020-04-06,106.4223141541
2020-04-07,107.7390064076
2020-04-08,112.5816061051
2020-04-09,110.4872701045
2020-04-13,100.863928735
2020-04-14,102.9317541532
2020-04-15,98.5575080761
2020-04-16,100.0509375449
2020-04-17,103.682887318
2020-04-20,102.1673163082
2020-04-21,97.9326326043
2020-04-22,98.6369273677
2020-04-23,100.6606604219
2020-04-24,101.6680693873
2020-04-27,102.7022237234
2020-04-28,102.9340169367
2020-04-29,107.0349737867
2020-04-30,103.7542083067
2020-05-01,98.8508903338
2020-05-04,96.0337112802
2020-05-05,97.0946109871
2020-05-06,95.9891356623
2020-05-07,95.650360966
2020-05-08,99.947450535
2020-05-11,96.8271572795
2020-05-12,93.6087976645
2020-05-13,93.145211238
2020-05-14,94.6696973714
2020-05-15,96.212013752
2020-05-18,102.5417514988
2020-05-19,99.9207051642
2020-05-20,103.1390647792
2020-05-21,101.6858996345
2020-05-22,100.2683949841
2020-05-26,104.6724660361
2020-05-27,109.1389429533
2020-05-28,107.6412021906
2020-05-29,107.0973796518
2020-06-01,107.4272392245
2020-06-02,109.9413040761
2020-06-03,113.3023056684
2020-06-04,114.9694337792
2020-06-05,120.4611499089
2020-06-08,122.7790820415
2020-06-09,119.6320434153
2020-06-10,118.0718967875
2020-06-11,108.3633272012
2020-06-12,109.7897469751
2020-06-15,110.1998426601
2020-06-16,115.9946729918
2020-06-17,114.3186297574
2020-06-18,113.7480618478
2020-06-19,113.6321652412
2020-06-22,112.1433396021
2020-06-23,112.5534352871
2020-06-24,108.8179985041
2020-06-25,111.1805062547
2020-06-26,109.1121975825
2020-06-29,111.6619229284
2020-06-30,112.7763133768
2020-07-01,112.384047939
2020-07-02,113.8639584544
2020-07-06,115.3884445878
2020-07-07,113.4003720279
2020-07-08,114.2294785215
2020-07-09,112.0898488606
2020-07-10,114.1224970385
2020-07-13,116.4047686768
2020-07-14,122.0302116602
2020-07-15,123.3496499511
2020-07-16,123.5279524228
2020-07-17,122.9662996369
2020-07-20,120.9273405413
2020-07-21,122.041133175
2020-07-22,123.0381572261
2020-07-23,122.6968336771
2020-07-24,123.5770891457
2020-07-27,125.6519770358
2020-07-28,123.9812880853
2020-07-29,126.22683775
2020-07-30,122.8136022597
2020-07-31,119.3554557761
2020-08-03,118.3674139236
2020-08-04,118.1338767585
2020-08-05,121.2327352957
2020-08-06,120.7117677735
2020-08-07,121.1878243025
2020-08-10,127.5651853501
2020-08-11,128.0232774817
2020-08-12,128.0592062763
2020-08-13,126.3525885312
2020-08-14,125.7148524264
2020-08-17,124.6010597927
2020-08-18,124.2866828397
2020-08-19,123.9723058866
2020-08-20,123.4872671591
2020-08-21,124.3405760316
2020-08-24,127.2597905957
2020-08-25,126.7837340668
2020-08-26,127.3945235756
2020-08-27,128.777782169
2020-08-28,129.0113193341
2020-08-31,127.8256691112
2020-09-01,131.1850114095
2020-09-02,134.0772793776
2020-09-03,131.8227475143
2020-09-04,133.0982197238
2020-09-08,133.4036144782
2020-09-09,137.1491913189
2020-09-10,134.6072290985
2020-09-11,138.173161966
2020-09-14,137.8857316089
2020-09-15,133.4754720675
2020-09-16,135.7300039308
2020-09-17,138.2090907606
2020-09-18,136.8797253591
2020-09-21,130.5382931061
2020-09-22,132.173053262
2020-09-23,129.6849842335
2020-09-24,130.3676313316
2020-09-25,131.0592606283
2020-09-28,132.6491097909
2020-09-29,132.4065904271
2020-09-30,133.9694929937
2020-10-01,131.777836521
2020-10-02,134.6790866877
2020-10-05,137.8677672116
2020-10-06,136.1072562745
2020-10-07,139.0174886399
2020-10-08,140.7151241863
2020-10-09,142.7630654805
2020-10-12,146.0595323882
2020-10-13,145.619404654
2020-10-14,146.9577522541
2020-10-15,148.2422066623
2020-10-16,151.5746023646
2020-10-19,150.4787741283
2020-10-20,151.7901751325
2020-10-21,150.3620055457
2020-10-22,152.3919824426
2020-10-23,152.356053648
2020-10-26,147.485070024
2020-10-27,142.7044571537
2020-10-28,136.6044312796
2020-10-29,139.7764447341
2020-10-30,141.927268672
2020-11-02,147.5483295516
2020-11-03,151.5427168647
2020-11-04,140.2825209548
2020-11-05,147.3856621949
2020-11-06,145.7589886285
2020-11-09,154.3713214553
2020-11-10,155.7088086099
2020-11-11,153.1422792051
2020-11-12,152.8440557179
2020-11-13,155.1756211631
2020-11-16,156.5131083177
2020-11-17,155.3563626705
2020-11-18,156.1064399261
2020-11-19,156.251033132
2020-11-20,155.6455490823
2020-11-23,157.9500033014
2020-11-24,159.8658632797
2020-11-25,157.8144471709
2020-11-27,158.2211155625
2020-11-30,156.8745913325
2020-12-01,156.5763678453
2020-12-02,157.1276294428
2020-12-03,157.8144471709
2020-12-04,164.6645503007
2020-12-07,161.5015739215
2020-12-08,161.6190559013
2020-12-09,162.7306161717
2020-12-10,161.6280929767
2020-12-11,162.0257242929
2020-12-14,160.9051269471
2020-12-15,164.2398077583
2020-12-16,162.2155028757
2020-12-17,161.9172793885
2020-12-18,163.5349158796
2020-12-21,162.81194985
2020-12-22,159.5766768679
2020-12-23,161.2394987358
2020-12-24,162.2697253279
2020-12-28,161.1943133589
2020-12-29,159.6399363955
2020-12-30,162.7035049456
2020-12-31,164.4928458687
2021-01-04,164.6103278485
2021-01-05,165.9568520785
2021-01-06,175.1927431057
2021-01-07,175.5271148944
2021-01-08,175.5542261205
2021-01-11,175.1927431057
2021-01-12,178.5183868415
2021-01-13,177.0272694056
2021-01-14,178.3918677864
2021-01-15,175.8795608338
2021-01-19,176.3043033761
2021-01-20,174.7416763442
2021-01-21,174.605400731
2021-01-22,174.3782747089
2021-01-25,170.1991559027
2021-01-26,170.0810503712
2021-01-27,164.1030934702
2021-01-28,167.4736436378
2021-01-29,166.1108875054
2021-02-01,167.8188751914
2021-02-02,174.8870369984
2021-02-03,173.9331077056
2021-02-04,174.1148085233
2021-02-05,175.3412890425
2021-02-08,179.3841322355
2021-02-09,179.2296865404
2021-02-10,179.6294283393
2021-02-11,180.2017859149
2021-02-12,179.8747244431
2021-02-16,183.8630573908
2021-02-17,183.7903770637
2021-02-18,181.6281373336
2021-02-19,190.7040931757
2021-02-22,198.1084014954
2021-02-23,200.0344301626
2021-02-24,202.1149045248
2021-02-25,201.5243768674
2021-02-26,196.1278625829
2021-03-01,199.6528584455
2021-03-02,196.0733523376
2021-03-03,195.2466136172
2021-03-04,193.3024148683
2021-03-05,200.0162600808
2021-03-08,201.3063358862
2021-03-09,196.9636863441
2021-03-10,200.8339137603
2021-03-11,199.6528584455
2021-03-12,208.0474362214
2021-03-15,209.6282333351
2021-03-16,205.7398358371
2021-03-17,212.2538101503
2021-03-18,209.5737230898
2021-03-19,204.6768860538
2021-03-22,205.3400940383
2021-03-23,198.2810172722
2021-03-24,200.9883594553
2021-03-25,203.732041802
2021-03-26,208.5016882656
2021-03-29,209.1558112092
2021-03-30,211.7541329017
2021-03-31,210.6548429549
2021-04-01,211.4452415117
2021-04-05,212.3264904773
2021-04-06,209.5373829262
2021-04-07,209.3284269859
2021-04-08,209.3920222721
2021-04-09,209.637318376
2021-04-12,209.8008491119
2021-04-13,208.3654126523
2021-04-14,211.2998808576
2021-04-15,211.2453706123
2021-04-16,212.0085140464
2021-04-19,211.1272650808
2021-04-20,206.8027856205
2021-04-21,211.190860367
2021-04-22,207.9475007717
2021-04-23,209.9916349704
2021-04-26,210.4022917682
2021-04-27,210.2015262226
2021-04-28,211.9901647196
2021-04-29,207.5824484234
2021-04-30,208.1664936469
2021-05-03,208.2212478866
2021-05-04,213.0031181541
2021-05-05,217.082309012
2021-05-06,216.343126776
2021-05-07,219.92040377
2021-05-10,221.398768242
2021-05-11,218.3781593517
2021-05-12,216.5712694415
2021-05-13,219.0808387612
2021-05-14,221.0519913905
2021-05-17,223.3881722846
2021-05-18,218.5332963642
2021-05-19,216.1606126437
2021-05-20,214.4449797996
2021-05-21,216.4982637885
2021-05-24,218.1500166862
2021-05-25,216.4343838422
2021-05-26,216.9271719995
2021-05-27,220.1850492619
2021-05-28,220.0025351296
2021-06-01,221.5356538413
2021-06-02,222.1744533045
2021-06-03,222.5212301559
2021-06-04,222.685492875
2021-06-07,218.7979418561
2021-06-08,219.1629701208
2021-06-09,214.1347057746
2021-06-10,205.994575472
2021-06-11,201.4043450435
2021-06-14,199.8621006252
2021-06-15,200.272757423
2021-06-16,198.173844901
2021-06-17,191.1379250991
2021-06-18,190.5995084087
2021-06-21,194.5691907872
2021-06-22,194.4961851342
2021-06-23,195.098481771
2021-06-24,200.1632489436
2021-06-25,197.3981598385
2021-06-28,197.3616570121
2021-06-29,196.2939493378
2021-06-30,198.602753112
2021-07-01,197.7631881032
2021-07-02,198.721387298
2021-07-06,194.8520876923
2021-07-07,195.9197953665
2021-07-08,193.5653630593
2021-07-09,198.4111132731
2021-07-12,199.4696952407
2021-07-13,196.3760806974
2021-07-14,193.1364548483
2021-07-15,192.9265635961
2021-07-16,189.7690691065
2021-07-19,186.3378034184
2021-07-20,190.8154894568
2021-07-21,193.3571268188
2021-07-22,191.9165597941
2021-07-23,192.2560564815
2021-07-26,193.6323944031
2021-07-27,192.5955531688
2021-07-28,194.008593435
2021-07-29,195.0362590832
2021-07-30,189.7052435333
2021-08-02,188.2463253364
2021-08-03,191.3109711086
2021-08-04,187.6590878232
2021-08-05,190.1089693237
2021-08-06,191.1733373164
2021-08-09,191.6688189682
2021-08-10,196.421772591
2021-08-11,203.3860424745
2021-08-12,202.083109242
2021-08-13,200.5507863559
2021-08-16,199.7616859475
2021-08-17,195.8437106639
2021-08-18,192.5129728935
2021-08-19,187.5948587202
2021-08-20,188.0444624412
2021-08-23,191.8982086218
2021-08-24,195.0637858416
2021-08-25,197.0548880349
2021-08-26,193.8250817121
2021-08-27,195.2839999091
2021-08-30,194.0177690212
2021-08-31,193.4855850248
2021-09-01,190.8154894568
2021-09-02,194.3205633639
2021-09-03,193.0268057176
2021-09-07,191.0632302827
2021-09-08,189.7235947056
2021-09-09,188.4848905762
2021-09-10,188.1086915442
2021-09-13,189.2005862954
2021-09-14,185.6496344576
2021-09-15,188.7693337466
2021-09-16,186.8149338979
2021-09-17,183.2823332323
2021-09-20,175.0885348055
2021-09-21,174.1893273633
2021-09-22,175.5748408711
2021-09-23,180.4103747692
2021-09-24,180.5938864921
2021-09-27,183.5117228859
2021-09-28,184.0163801239
2021-09-29,181.5573230372
2021-09-30,176.1437272121
2021-10-01,178.3091655421
2021-10-04,177.2080952048
2021-10-05,176.6300332777
2021-10-06,176.0427957645
2021-10-07,179.6120987746
2021-10-08,179.0707391921
2021-10-11,176.9878811373
2021-10-12,174.2627320525
2021-10-13,173.3635246104
2021-10-14,178.3091655421
2021-10-15,182.6125154438
2021-10-18,181.8417662077
2021-10-19,184.5577397064
2021-10-20,187.3562934804
2021-10-21,185.4752983208
2021-10-22,185.1266260473
2021-10-25,186.5659359732
2021-10-26,184.1947651338
2021-10-27,180.9563178005
2021-10-28,188.3004889609
2021-10-29,188.2266781955
2021-11-01,189.4906875535
2021-11-02,191.0960717016
2021-11-03,187.8022662942
2021-11-04,187.8391716769
2021-11-05,189.9520048374
2021-11-08,197.6744561707
2021-11-09,193.5779586892
2021-11-10,190.680886146
2021-11-11,192.3969864423
2021-11-12,193.0797360226
2021-11-15,191.6404260967
2021-11-16,189.5368192819
2021-11-17,187.2763645905
2021-11-18,185.8370546646
2021-11-19,184.9328727881
2021-11-22,186.7227838498
2021-11-23,189.4445558251
2021-11-24,191.0499399732
2021-11-26,183.355167677
2021-11-29,180.7625645412
2021-11-30,178.3913937017
2021-12-01,176.6568407141
2021-12-02,181.5652566153
2021-12-03,182.4971175288
2021-12-06,185.7078858251
2021-12-07,188.669542788
2021-12-08,188.3927524177
2021-12-09,188.3373943436
2021-12-10,187.7192291831
2021-12-13,185.6802067881
2021-12-14,186.0400342696
2021-12-15,186.8796317263
2021-12-16,190.2195688621
2021-12-17,185.7909229362
2021-12-20,180.33815264
2021-12-21,182.9676611585
2021-12-22,186.5105778992
2021-12-23,190.2472478991
2021-12-27,190.4133221214
2021-12-28,190.6347544176
2021-12-29,191.2898249609
2021-12-30,190.136531751
2021-12-31,190.7454705658
2022-01-03,190.9853555534
2022-01-04,201.2081465657
2022-01-05,202.7489462941
2022-01-06,204.8156477261
2022-01-07,206.8454437755
2022-01-10,204.4927256274
2022-01-11,202.9334732076
2022-01-12,205.193927899
2022-01-13,209.4380469113
2022-01-14,211.227957973
2022-01-18,212.0860081211
2022-01-19,205.5353026891
2022-01-20,200.8712109606
2022-01-21,198.515983726
2022-01-24,198.738524882
2022-01-25,198.7199797857
2022-01-26,198.7014346894
2022-01-27,196.7356544778
2022-01-28,186.5265789449
2022-01-31,186.8974808717
2022-02-01,190.4117766273
2022-02-02,190.0316021524
2022-02-03,185.9980436994
2022-02-04,183.9766281988
2022-02-07,185.2840574905
2022-02-08,186.8418455827
2022-02-09,188.7890806979
2022-02-10,188.297635645
2022-02-11,186.6007593303
2022-02-14,185.3489653276
2022-02-15,188.6129022827
2022-02-16,188.8261708906
2022-02-17,180.5736030212
2022-02-18,177.9865620823
2022-02-22,177.3003935179
2022-02-23,173.0906566497
2022-02-24,171.2546921125
2022-02-25,173.4522860282
2022-02-28,173.934458533
2022-03-01,169.5299981532
2022-03-02,178.5985502614
2022-03-03,180.675601051
2022-03-04,181.4266774526
2022-03-07,182.3910224621
2022-03-08,194.7235115253
2022-03-09,194.5195154657
2022-03-10,196.3832976474
2022-03-11,199.2021522904
2022-03-14,199.7677777287
2022-03-15,200.7135776418
2022-03-16,200.3612208114
2022-03-17,205.5723928818
2022-03-18,204.8398615765
2022-03-21,207.4361750635
2022-03-22,206.5089202467
2022-03-23,206.0082026457
2022-03-24,206.0452928383
2022-03-25,207.1116358776
2022-03-28,205.7114811043
2022-03-29,204.9604047027
2022-03-30,206.8520045289
2022-03-31,206.6109182766
2022-04-01,203.7827910854
2022-04-04,204.7471360948
2022-04-05,200.3055855224
2022-04-06,200.4817639376
2022-04-07,200.1943149444
2022-04-08,201.2421128874
2022-04-11,200.3334031669
2022-04-12,200.9361187978
2022-04-13,202.3919088602
2022-04-14,211.2379198123
2022-04-18,213.1944274758
2022-04-19,215.2714782654
2022-04-20,217.9790623304
2022-04-21,215.6516527402
2022-04-22,201.5944697177
2022-04-25,201.9672750247
2022-04-26,196.0023901139
2022-04-27,199.4135586723
2022-04-28,197.996898506
2022-04-29,196.2260732981
2022-05-02,197.652053597
2022-05-03,199.0966741614
2022-05-04,207.4568331691
2022-05-05,201.2496248088
2022-05-06,200.0566478267
2022-05-09,192.265016912
2022-05-10,189.1893731299
2022-05-11,191.2584425833
2022-05-12,189.2266536606
2022-05-13,190.4382709081
2022-05-16,193.1038288526
2022-05-17,198.6027071297
2022-05-18,193.8028388031
2022-05-19,192.7030631477
2022-05-20,184.370864538
2022-05-23,190.27050852
2022-05-24,191.668528421
2022-05-25,195.0796969793
2022-05-26,198.509505803
2022-05-27,202.3773608623
2022-05-31,201.1750637475
2022-06-01,202.7781265672
2022-06-02,205.0429188068
2022-06-03,207.7457572819
2022-06-06,208.4261269671
2022-06-07,211.6602130046
2022-06-08,214.1766488263
2022-06-09,208.4634074978
2022-06-10,200.5506148584
2022-06-13,192.8149047397
2022-06-14,192.637822219
2022-06-15,191.9947330645
2022-06-16,181.546864338
2022-06-17,179.5430358133
2022-06-21,183.0194453004
2022-06-22,175.0600519976
2022-06-23,166.5228104691
2022-06-24,172.8791409521
2022-06-27,174.8363688135
2022-06-28,174.6965668234
2022-06-29,171.0057942848
2022-06-30,166.6066916632
2022-07-01,166.1686454275
2022-07-05,161.9466253267
2022-07-06,160.5952060891
2022-07-07,168.0233518295
2022-07-08,166.9235761741
2022-07-11,163.1209620435
2022-07-12,162.6269950118
2022-07-13,162.0491467861
2022-07-14,158.3863346456
2022-07-15,161.5924602851
2022-07-18,161.6949817445
2022-07-19,168.4054772691
2022-07-20,168.8558345541
2022-07-21,169.8128437848
2022-07-22,167.58920469
2022-07-25,170.5822041467
2022-07-26,170.0380224273
2022-07-27,173.8097646894
2022-07-28,176.2398175398
2022-07-29,186.0069411588
2022-08-01,182.8262928333
2022-08-02,172.1772195312
2022-08-03,171.5767431511
2022-08-04,172.2991912958
2022-08-05,173.9411188975
2022-08-08,174.3351815219
2022-08-09,174.5415952775
2022-08-10,178.94196125
2022-08-11,182.0194026976
2022-08-12,184.684016634
2022-08-15,183.8489791681
2022-08-16,185.3220227878
2022-08-17,183.8302142812
2022-08-18,185.1625212494
2022-08-19,183.5205936477
2022-08-22,179.9177353675
2022-08-23,185.0311670412
2022-08-24,182.1695217926
2022-08-25,186.5980350954
2022-08-26,180.0678544625
2022-08-29,179.9365002544
2022-08-30,175.3953976304
2022-08-31,173.3031127437
2022-09-01,171.1732980833
2022-09-02,169.6627246898
2022-09-06,169.5032231513
2022-09-07,169.6908720201
2022-09-08,171.8394515674
2022-09-09,177.7879207071
2022-09-12,180.5182117476
2022-09-13,172.9278150062
2022-09-14,173.2468180831
2022-09-15,171.2202103005
2022-09-16,168.3867123822
2022-09-19,170.8636774498
2022-09-20,166.9981107534
2022-09-21,161.3311149168
2022-09-22,160.0175728355
2022-09-23,154.0972510261
2022-09-26,152.5772951891
2022-09-27,152.4084112072
2022-09-28,157.3998711163
2022-09-29,155.6547366368
2022-09-30,153.9471319311
2022-10-03,160.6555789893
2022-10-04,168.5368314772
2022-10-05,167.3640260474
2022-10-06,167.7674711153
2022-10-07,166.5852832421
2022-10-10,167.6361169071
2022-10-11,168.6494207985
2022-10-12,168.4148597125
2022-10-13,171.8300691239
2022-10-14,167.1857596221
2022-10-17,169.6345773594
2022-10-18,172.2147493049
2022-10-19,173.0216394406
2022-10-20,169.3906338301
2022-10-21,179.5987322906
2022-10-24,180.6184285942
2022-10-25,183.9607664783
2022-10-26,185.9623925558
2022-10-27,200.2947906011
2022-10-28,207.0927659585
2022-10-31,204.3735758155
2022-11-01,206.2996688335
2022-11-02,202.5607823869
2022-11-03,207.017232899
2022-11-04,215.1275951657
2022-11-07,215.8451592312
2022-11-08,216.9781551241
2022-11-09,212.9465780719
2022-11-10,219.4707460885
2022-11-11,223.2851655946
2022-11-14,223.2946072271
2022-11-15,221.4912554309
2022-11-16,219.4424211912
2022-11-17,217.5729779679
2022-11-18,218.5076995795
2022-11-21,219.2063803802
2022-11-22,224.0121712926
2022-11-23,223.6911557896
2022-11-25,222.5392766318
2022-11-28,219.3291216019
2022-11-29,221.9916619502
2022-11-30,223.2096325351
2022-12-01,222.5298349994
2022-12-02,222.9452668268
2022-12-05,219.5840456778
2022-12-06,215.5430269931
2022-12-07,216.1944996315
2022-12-08,218.0261763251
2022-12-09,214.598863749
2022-12-12,220.0466856674
2022-12-13,222.3410023505
2022-12-14,221.387397474
2022-12-15,217.7806938816
2022-12-16,219.7256701644
2022-12-19,219.3196799695
2022-12-20,222.0105452151
2022-12-21,228.2325809937
2022-12-22,224.2765370009
2022-12-23,226.4764373597
2022-12-27,229.5638511678
2022-12-28,226.01379737
2022-12-29,226.7880112302
2022-12-30,226.183746754
2023-01-03,225.541715748
2023-01-04,227.8832405933
2023-01-05,226.8635442897
2023-01-06,234.964464924
2023-01-09,232.8495392573
2023-01-10,236.5223342768
2023-01-11,236.7300501905
2023-01-12,240.8277186698
2023-01-13,244.0284320673
2023-01-17,241.9512729303
2023-01-18,238.7033513706
2023-01-19,233.1611131278
2023-01-20,236.9182565988
2023-01-23,239.755089674
2023-01-24,244.4135680686
2023-01-25,245.2010501597
2023-01-26,248.6925370216
2023-01-27,250.9885691427
2023-01-30,248.1042973873
2023-01-31,239.3660924965
2023-02-01,236.7569650861
2023-02-02,232.3546555646
2023-02-03,235.0681480714
2023-02-06,238.5406594612
2023-02-07,236.8708179186
2023-02-08,236.1212867716
2023-02-09,233.6639631378
2023-02-10,234.982758447
2023-02-13,235.4381697769
2023-02-14,231.8423178186
2023-02-15,235.9599952589
2023-02-16,233.8916688027
2023-02-17,235.0966112795
2023-02-21,228.3792941648
2023-02-22,225.7037526021
2023-02-23,225.7606790184
2023-02-24,224.0718620036
2023-02-27,227.686689434
2023-02-28,227.2787167844
2023-03-01,235.9315320508
2023-03-02,239.2617274001
2023-03-03,242.2313887799
2023-03-06,240.9695198869
2023-03-07,233.5311348333
2023-03-08,235.978970731
2023-03-09,228.6164875657
2023-03-10,215.3810957931
2023-03-13,213.1894287683
2023-03-14,214.109739164
2023-03-15,206.1305531562
2023-03-16,207.5062748817
2023-03-17,203.9958125477
2023-03-20,209.0243126478
2023-03-21,213.3981589612
2023-03-22,208.6827541504
2023-03-23,208.1988796125
2023-03-24,205.8933597553
2023-03-27,206.832645623
2023-03-28,208.8819966072
2023-03-29,211.5765136419
2023-03-30,213.0376249917
2023-03-31,217.117351488
2023-04-03,218.0945882998
2023-04-04,206.310820141
2023-04-05,202.5916276142
2023-04-06,198.4549747017
2023-04-10,204.4891748217
2023-04-11,209.2994569929
2023-04-12,209.2045796325
2023-04-13,210.3146447489
2023-04-14,212.2216796925
2023-04-17,213.7017665144
2023-04-18,213.6638155702
2023-04-19,213.1419900881
2023-04-20,210.8839089112
2023-04-21,210.1248900281
2023-04-24,213.1393479774
2023-04-25,208.5604245102
2023-04-26,206.232805081
2023-04-27,204.4584722374
2023-04-28,208.7225947163
2023-05-01,207.2630628611
2023-05-02,205.2407049964
2023-05-03,205.708136767
2023-05-04,200.6903998008
2023-05-05,205.183468453
2023-05-08,204.8972857363
2023-05-09,203.6571606306
2023-05-10,203.3518990661
2023-05-11,200.3565199646
2023-05-12,199.889088194
2023-05-15,201.5584873748
2023-05-16,197.6568630037
2023-05-17,202.3311807099
2023-05-18,204.8305097691
2023-05-19,204.8877463124
2023-05-22,204.3916962702
2023-05-23,202.9130855672
2023-05-24,200.0417189763
2023-05-25,200.3088228452
2023-05-26,202.0449979932
2023-05-30,200.2325074541
2023-05-31,196.2736465397
2023-06-01,199.4407352712
2023-06-02,216.1919636223
2023-06-05,212.223563284
2023-06-06,216.2396607417
2023-06-07,224.7011297323
2023-06-08,223.6517931044
2023-06-09,224.20507969
2023-06-12,226.9428943465
2023-06-13,234.1356199596
2023-06-14,232.1132620949
2023-06-15,236.2629114871
2023-06-16,233.9734497535
2023-06-20,230.0432071107
2023-06-21,230.3580080991
2023-06-22,226.4086866086
2023-06-23,223.6422536805
2023-06-26,226.0366490769
2023-06-27,229.6043936118
2023-06-28,230.7300456308
2023-06-29,232.9908890928
2023-06-30,234.7175248169
2023-07-03,235.9385710749
2023-07-05,233.5537151023
2023-07-06,229.499459949
2023-07-07,233.8875949385
2023-07-10,237.3504058106
2023-07-11,241.2043330622
2023-07-12,241.919789854
2023-07-13,244.0756996531
2023-07-14,243.8467534798
2023-07-17,245.6020074756
2023-07-18,251.6595416458
2023-07-19,251.8884878192
2023-07-20,250.2971086002
2023-07-21,246.9993107007
2023-07-24,248.6482096505
2023-07-25,251.2270109149
2023-07-26,247.6416143614
2023-07-27,247.6224411178
2023-07-28,249.6643915614
2023-07-31,254.208450295
2023-08-01,276.7178382836
2023-08-02,275.6824831291
2023-08-03,269.8154705869
2023-08-04,265.0125730646
2023-08-07,270.0072030229
2023-08-08,271.1959441262
2023-08-09,272.7681501016
2023-08-10,272.0874999537
2023-08-11,273.4296270058
2023-08-14,272.7777367234
2023-08-15,265.9041288921
2023-08-16,263.1623550571
2023-08-17,263.7950720959
2023-08-18,262.4817049092
2023-08-21,261.4751096201
2023-08-22,259.0305210609
2023-08-23,261.7435350305
2023-08-24,258.1677250988
2023-08-25,261.2929638059
2023-08-28,263.4307804675
2023-08-29,268.4541702912
2023-08-30,270.6590933054
2023-08-31,269.5086986893
2023-09-01,274.4170490513
2023-09-05,269.9880297793
2023-09-06,271.205530748
2023-09-07,269.7962973433
2023-09-08,270.6111601964
2023-09-11,270.3906678949
2023-09-12,270.1605889717
2023-09-13,264.514068731
2023-09-14,270.8795856068
2023-09-15,267.6105475727
2023-09-18,269.326552875
2023-09-19,268.1090519063
2023-09-20,267.0928699954
2023-09-21,260.7848728504
2023-09-22,261.7722948959
2023-09-25,262.9322761338
2023-09-26,258.3786307784
2023-09-27,261.4367631329
2023-09-28,264.8208406286
2023-09-29,261.7147751651
2023-10-02,260.4876875746
2023-10-03,257.8513665793
2023-10-04,254.0742375898
2023-10-05,250.019096568
2023-10-06,255.0424863917
2023-10-09,260.085049459
2023-10-10,261.9160942229
2023-10-11,261.5518025945
2023-10-12,258.4649103746
2023-10-13,256.8639445338
2023-10-16,259.5961317471
2023-10-17,261.3792434021
2023-10-18,248.5044103234
2023-10-19,242.4360787235
2023-10-20,240.144876113
2023-10-23,238.3331892467
2023-10-24,240.4821582424
2023-10-25,236.039670767
2023-10-26,233.6208760678
2023-10-27,229.8914993801
2023-10-30,233.3606869965
2023-10-31,217.8360724131
2023-11-01,223.4060458639
2023-11-02,230.4311507871
2023-11-03,232.0019218468
2023-11-06,229.6216736766
2023-11-07,226.3837652347
2023-11-08,226.287398912
2023-11-09,225.64174455
2023-11-10,230.9708021941
2023-11-13,232.8884920154
2023-11-14,238.8535673892
2023-11-15,241.9661996117
2023-11-16,239.1908495185
2023-11-17,243.8742528007
2023-11-20,241.3494551465
2023-11-21,240.3472453907
2023-11-22,237.0707904196
2023-11-24,238.3717357758
2023-11-27,238.4006456726
2023-11-28,238.5066486275
2023-11-29,240.3857919197
2023-11-30,241.6096442177
2023-12-01,247.4301701075
2023-12-04,245.4932070217
2023-12-05,245.9172188414
2023-12-06,246.6688761583
2023-12-07,248.0565512049
2023-12-08,250.0706073489
2023-12-11,251.4390091309
2023-12-12,251.9304773765
2023-12-13,258.2328348797
2023-12-14,274.8078423802
2023-12-15,275.3571304195
2023-12-18,275.3282205227
2023-12-19,282.3147789168
2023-12-20,279.1828734298
2023-12-21,279.5297921915
2023-12-22,279.8092545272
2023-12-26,284.8877597323
2023-12-27,287.287281167
2023-12-28,286.0923387658
2023-12-29,284.9263062614
2024-01-02,282.0738631101
2024-01-03,273.9694553729
2024-01-04,275.7040491811
2024-01-05,278.4312161129
2024-01-08,281.6305780258
2024-01-09,281.6691245549
2024-01-10,282.6906075753
2024-01-11,281.4474820127
2024-01-12,279.8574376886
2024-01-16,276.7929886274
2024-01-17,268.5054848771
2024-01-18,271.6566636287
2024-01-19,276.16660753
2024-01-22,279.4483125199
2024-01-23,279.603201251
2024-01-24,281.3941022042
2024-01-25,291.1617728085
2024-01-26,289.8645796856
2024-01-29,293.5625481403
2024-01-30,295.02431054
2024-01-31,290.7164677066
2024-02-01,297.860710428
2024-02-02,305.0243142408
2024-02-05,311.1327385731
2024-02-06,312.4105706046
2024-02-07,313.2527780799
2024-02-08,311.7135713147
2024-02-09,307.0281871993
2024-02-12,311.3553911241
2024-02-13,302.8461914599
2024-02-14,306.5925626431
2024-02-15,312.7493897039
2024-02-16,311.6264464035
2024-02-20,303.7174405723
2024-02-21,307.0088261079
2024-02-22,311.8006962259
2024-02-23,313.533513905
2024-02-26,314.9855957589
2024-02-27,317.1637185399
2024-02-28,319.0320638586
2024-02-29,323.2915039635
2024-03-01,325.9439734834
2024-03-04,327.8316798936
2024-03-05,322.8752404987
2024-03-06,324.9081550943
2024-03-07,329.3515255674
2024-03-08,328.354429361
2024-03-11,324.2692390785
2024-03-12,326.4667229508
2024-03-13,330.6099965075
2024-03-14,330.9972183352
2024-03-15,335.8858939101
2024-03-18,340.6584029368
2024-03-19,342.5945120754
2024-03-20,345.0630512271
2024-03-21,352.9139737841
2024-03-22,346.6700218121
2024-03-25,344.5790239425
2024-03-26,345.0049679529
2024-03-27,353.0010986954
2024-03-28,354.7242358287
2024-04-01,352.1201690373
2024-04-02,353.1753485178
2024-04-03,363.7852265974
2024-04-04,357.9768991816
2024-04-05,367.1830981356
2024-04-08,361.5393399966
2024-04-09,360.0194943228
2024-04-10,360.1840635996
2024-04-11,360.0969386883
2024-04-12,353.9497921733
2024-04-15,352.2847383141
2024-04-16,348.3834783998
2024-04-17,346.8733132717
2024-04-18,346.4957719897
2024-04-19,344.5887044881
2024-04-22,347.4549332093
2024-04-23,352.9347738829
2024-04-24,353.1971066811
2024-04-25,328.4017992359
2024-04-26,333.6290231409
2024-04-29,339.8667141204
2024-04-30,325.0692010957
2024-05-01,321.6685907486
2024-05-02,325.9144956677
2024-05-03,327.1872955405
2024-05-06,332.3853713568
2024-05-07,335.2030199301
2024-05-08,334.7172184519
2024-05-09,341.790487974
2024-05-10,344.7150128725
2024-05-13,346.5513424599
2024-05-14,348.0087468944
2024-05-15,349.8159283931
2024-05-16,340.7605888403
2024-05-17,346.1529852478
2024-05-20,352.4489724048
2024-05-21,348.8734735255
2024-05-22,345.8323562722
2024-05-23,340.7411567811
2024-05-24,338.9922714598
2024-05-28,336.6312762759
2024-05-29,328.5086755611
2024-05-30,329.6163029313
2024-05-31,328.9070327732
2024-06-03,321.9503556059
2024-06-04,318.2679804015
2024-06-05,320.0945939593
2024-06-06,318.96753453
2024-06-07,319.5990764516
2024-06-10,320.2500504324
2024-06-11,318.0153636328
2024-06-12,319.3950398308
2024-06-13,317.0923408243
2024-06-14,312.3412023679
2024-06-17,313.2447931173
2024-06-18,315.9069852176
2024-06-20,319.7836810133
2024-06-21,318.5303131997
2024-06-24,320.6289755853
2024-06-25,318.1028078989
2024-06-26,317.4518339182
2024-06-27,318.1611040763
2024-06-28,323.6409447499
2024-07-01,319.7351008655
2024-07-02,318.4525849632
2024-07-03,321.2216533887
2024-07-05,319.0258307074
2024-07-08,319.7156688064
2024-07-09,316.8008599374
2024-07-10,319.1521390917
2024-07-11,321.726886926
2024-07-12,326.0602361111
2024-07-15,335.9511542065
2024-07-16,350.3405939896
2024-07-17,347.639537771
2024-07-18,345.9198005383
2024-07-19,337.7583357052
2024-07-22,339.3614805832
2024-07-23,335.7519785331
2024-07-24,327.8208294339
2024-07-25,335.8787988754
2024-07-26,341.9076428401
2024-07-29,336.1031733271
2024-07-30,333.3619028513
2024-07-31,337.7323269551
2024-08-01,323.4113836862
2024-08-02,313.0218710286
2024-08-05,309.0514187735
2024-08-06,318.4556349256
2024-08-07,317.831288625
2024-08-08,327.9378943652
2024-08-09,329.9865306639
2024-08-12,327.8110740229
2024-08-13,330.513322855
2024-08-14,329.3329181305
2024-08-15,337.1860239422
2024-08-16,335.0788551778
2024-08-19,336.2202382585
2024-08-20,334.9032577808
2024-08-21,334.5813292195
2024-08-22,333.9862491518
2024-08-23,339.8882727742
2024-08-26,342.5710107844
2024-08-27,342.5319891406
2024-08-28,339.6834091444
2024-08-29,343.0392705098
2024-08-30,347.3901837918
2024-09-03,331.9181020313
2024-09-04,328.5134636111
2024-09-05,325.4014875192
2024-09-06,321.3042149219
2024-09-09,325.8697472446
2024-09-10,325.986812176
2024-09-11,326.8062666955
2024-09-12,331.2742449088
2024-09-13,336.8640953809
2024-09-16,339.4492792817
2024-09-17,345.0391297538
2024-09-18,346.4341535191
2024-09-19,364.1792460301
2024-09-20,359.7990665153
2024-09-23,362.0915880876
2024-09-24,376.4905746441
2024-09-25,368.9984190375
2024-09-26,381.39754635
2024-09-27,381.5146112814
2024-09-30,381.5536329252
2024-10-01,382.7925701153
2024-10-02,384.4119683324
2024-10-03,381.5243666923
2024-10-04,387.37761326
2024-10-07,388.5092409298
2024-10-08,378.4709230662
2024-10-09,386.4996262749
2024-10-10,386.9386197674
2024-10-11,392.1870308565
2024-10-14,384.3144142229
2024-10-15,378.500189299
2024-10-16,383.9924856617
2024-10-17,384.841206414
2024-10-18,384.2266155244
2024-10-21,382.304799568
2024-10-22,380.327090863
2024-10-23,377.6542469201
2024-10-24,378.9564016616
2024-10-25,377.8892222118
2024-10-28,382.432077851
2024-10-29,379.3969803335
2024-10-30,371.3001234076
2024-10-31,368.3237697129
2024-11-01,371.6819582565
2024-11-04,368.6370701018
2024-11-05,375.3436565519
2024-11-06,408.1520816531
2024-11-07,399.6635992411
2024-11-08,385.1342937054
2024-11-11,388.237925683
2024-11-12,384.7818307679
2024-11-13,378.9661922987
2024-11-14,379.2501207762
2024-11-15,376.0290011527
2024-11-18,376.4108360017
2024-11-19,374.325430288
2024-11-20,373.5128074042
2024-11-21,381.4334328614
2024-11-22,389.1680362126
2024-11-25,397.1571961298
2024-11-26,399.2915550293
2024-11-27,395.2480218849
2024-11-29,397.6075654389
2024-12-02,394.0829360636
2024-12-03,390.9009789888
2024-12-04,391.1457449176
2024-12-05,386.7105862871
2024-12-06,386.7595394729
2024-12-09,390.9009789888
2024-12-10,380.258556403
2024-12-11,380.7285069863
2024-12-12,372.8078815292
2024-12-13,372.543534326
2024-12-16,370.9868230186
2024-12-17,367.9321442268
2024-12-18,356.271495377
2024-12-19,352.825191099
2024-12-20,358.376482365
2024-12-23,357.74009095
2024-12-24,359.8744498495
2024-12-26,359.4338711776
2024-12-27,357.2211871809
2024-12-30,355.4099193075
2024-12-31,355.1651533787
2025-01-02,352.2377528698
2025-01-03,356.1735890055
2025-01-06,356.5750051288
2025-01-07,355.4001286703
2025-01-08,353.5105356997
2025-01-10,343.6513640862
2025-01-13,354.9105968127
2025-01-14,363.7907047109
2025-01-15,367.0411962458
2025-01-16,372.5826968747
2025-01-17,377.9381753976
2025-01-21,391.4003014836
2025-01-22,390.6634046413
2025-01-23,399.2998356334
2025-01-24,400.5083464549
2025-01-27,388.0793530475
2025-01-28,383.4712914601
2025-01-29,386.359927082
2025-01-30,368.4287705852
2025-01-31,364.9506174894
2025-02-03,355.2334044618
2025-02-04,355.626416111
2025-02-05,352.5805758294
2025-02-06,359.0652680419
2025-02-07,357.5226973186
2025-02-10,356.8742280974
2025-02-11,355.9015242655
2025-02-12,345.889552501
2025-02-13,347.5205508453
2025-02-14,347.1471897785
2025-02-18,347.8153095823
2025-02-19,346.8327804592
2025-02-20,343.0500433352
2025-02-21,334.0992030236
2025-02-24,332.9987704057
2025-02-25,336.3786705892
2025-02-26,336.5948269963
2025-02-27,334.0599018587
2025-02-28,337.940891895
2025-03-03,326.2389700387
2025-03-04,321.0413909774
2025-03-05,332.5762828828
2025-03-06,335.052256273
2025-03-07,344.1799518267
2025-03-10,339.1788785901
2025-03-11,333.8339201604
2025-03-12,332.2225723985
2025-03-13,327.486782025
2025-03-14,333.7061913744
2025-03-17,336.6537787437
2025-03-18,330.8273810436
2025-03-19,332.7040116688
2025-03-20,330.375417647
2025-03-21,329.9136289591
2025-03-24,335.7007254943
2025-03-25,336.6341281612
2025-03-26,335.1505091853
2025-03-27,333.3721314725
2025-03-28,323.9300265994
2025-03-31,324.0381048029
2025-04-01,324.7946522277
2025-04-02,328.8131963412
2025-04-03,300.4181046833
2025-04-04,283.0469897866
2025-04-07,275.1671062192
2025-04-08,269.1540279858
2025-04-09,295.7510913485
2025-04-10,284.1081212396
2025-04-11,288.3231711777
2025-04-14,292.9115821827
2025-04-15,288.3035205953
2025-04-16,285.0709997802
2025-04-17,289.1091944762
2025-04-21,281.150708579
2025-04-22,287.4996551835
2025-04-23,292.0416698617
2025-04-24,302.991874814
2025-04-25,302.587043071
2025-04-28,303.1893537131
2025-04-29,303.5250678415
2025-04-30,305.3714955476
2025-05-01,310.0023757304
2025-05-02,319.5998502242
2025-05-05,319.0370353619
2025-05-06,316.8450195825
2025-05-07,316.2525828853
2025-05-08,320.1626650865
2025-05-09,321.515395545
2025-05-12,338.2319843497
2025-05-13,348.0960553573
2025-05-14,345.252359211
2025-05-15,345.4004683853
2025-05-16,349.1229456324
2025-05-19,348.1256771922
2025-05-20,345.0845021468
2025-05-21,338.1924885699
2025-05-22,340.8387058172
2025-05-23,339.0613957257
2025-05-27,347.0790390272
2025-05-28,345.0845021468
2025-05-29,347.3555094859
2025-05-30,343.6429061837
2025-06-02,340.3252606796
2025-06-03,344.9956366422
2025-06-04,344.9265190275
2025-06-05,344.5611830643
2025-06-06,348.8958448985
2025-06-09,353.5563469161
2025-06-10,354.0500441637
2025-06-11,358.562437007
2025-06-12,356.4099170074
2025-06-13,352.5492045309
2025-06-16,357.8712608603
2025-06-17,353.1712630629
2025-06-18,355.2645393929
2025-06-20,355.9754634294
2025-06-23,361.6134859974
2025-06-24,368.3178946201
2025-06-25,366.896046547
2025-06-26,377.0662098481
2025-06-27,379.8605362697
2025-06-30,383.3164170031
2025-07-01,385.9922560852
2025-07-02,393.4075887446
2025-07-03,392.8447738823
2025-07-07,386.5748188374
2025-07-08,389.3197755342
2025-07-09,397.1103181018
2025-07-10,403.1827942476
2025-07-11,400.803173514
2025-07-14,400.6550643397
2025-07-15,399.5393085601
2025-07-16,407.675439201
2025-07-17,412.8000166314
2025-07-18,408.4949766321
2025-07-21,406.3918263572
2025-07-22,413.4479626355
2025-07-23,423.7546785477
2025-07-24,425.6673671737
2025-07-25,429.859425665
2025-07-28,429.0566910603
2025-07-29,426.1926132731
2025-07-30,430.2261069041
2025-07-31,434.0911253712
2025-08-01,424.8448119615
2025-08-04,429.8098741461
2025-08-05,430.3351202455
2025-08-06,423.8835124966
2025-08-07,413.3785905092
2025-08-08,412.7839722835
2025-08-11,404.8755498816
2025-08-12,409.0081465503
2025-08-13,409.9892666227
2025-08-14,413.7551820521
2025-08-15,404.1322770995
2025-08-18,408.9387744239
2025-08-19,412.3578292217
2025-08-20,416.8174659145
2025-08-21,414.1416838989
2025-08-22,431.7622039872
2025-08-25,428.4224316195
2025-08-26,427.3917600283
2025-08-27,428.7891128587
2025-08-28,431.0090209013
2025-08-29,415.2813688315
2025-09-02,412.3181880067
2025-09-03,411.3965297569
2025-09-04,416.4507846753
2025-09-05,419.2851315512
2025-09-08,418.9878224383
2025-09-09,414.3398899741
2025-09-10,419.1166563872
2025-09-11,427.5106836734
2025-09-12,427.6494279261
2025-09-15,432.0297821888
2025-09-16,436.7173558681
2025-09-17,446.617749326
2025-09-18,462.7715444577
2025-09-19,462.3553116997
2025-09-22,467.8654405912
2025-09-23,467.0329750752
2025-09-24,465.5761604222
2025-09-25,459.5606060389
2025-09-26,461.5823080062
2025-09-29,467.3798357069
2025-09-30,472.8701439909
2025-10-01,476.5072254714
2025-10-02,486.1697716391
2025-10-03,493.3844727776
2025-10-06,490.9366277485
2025-10-07,482.3443943871
2025-10-08,497.6161724839
2025-10-09,495.8719590218
2025-10-10,486.8932238137
2025-10-13,500.232492677
2025-10-14,522.7387925199
2025-10-15,529.2597723951
2025-10-16,536.1077922944
2025-10-17,522.3522906732
2025-10-20,527.9119710835
2025-10-21,521.4221462197
2025-10-22,510.7482229367
2025-10-23,517.2976786569
2025-10-24,519.5139588171
2025-10-27,523.8272574249
2025-10-28,521.2432536507
2025-10-29,581.8878345376
2025-10-30,579.5622311407
2025-10-31,573.7084687444
2025-11-03,567.0795052158
2025-11-04,544.2110718135
2025-11-05,565.6483646639
2025-11-06,566.2744886554
2025-11-07,559.6355866507
2025-11-10,567.3379055932
2025-11-11,564.4358705852
2025-11-12,569.4945548971
2025-11-13,550.1443420183
2025-11-14,550.6213888689
2025-11-17,548.65357061
2025-11-18,543.5153784897
2025-11-19,549.7070490719
2025-11-20,542.7699927855
2025-11-21,547.0435374891
2025-11-24,556.1571200315
2025-11-25,563.123991746
2025-11-26,570.200186697
2025-11-28,572.2176973362
2025-12-01,564.5650707739
2025-12-02,578.886414769
2025-12-03,587.8509201705
2025-12-04,595.4637928286
2025-12-05,599.4590602026
2025-12-08,592.830096674
2025-12-09,590.7032627983
2025-12-10,611.5641240375
2025-12-11,621.7610004698
2025-12-12,594.2115448456
2025-12-15,586.131563813
2025-12-16,585.3066703005
2025-12-17,558.433031048
2025-12-18,562.3487906137
2025-12-19,572.6748672347
2025-12-22,578.8267839127
2025-12-23,578.8367223887
2025-12-24,580.1684781801
2025-12-26,579.4131539999
2025-12-29,575.0501630118
2025-12-30,573.8376689331
2025-12-31,569.3454777563
